938085,703,of,2012,7-Feb-27,Ornare Tortor Foundation,"P.O. Box 384, 7348 Ornare, Street"
840678,528,Reserved,2020,3-Aug-23,Ac Corp.,477-3314 Fusce St.
289774,344,Pending,2017,18-Jul-24,Vivamus Euismod PC,"P.O. Box 368, 3086 Congue St."
360798,151,for,2008,20-Mar-24,Molestie Tortor Associates,800-546 Eu Road
337409,194,Lost,2024,5-Oct-27,Lacinia Sed Company,Ap #568-5891 Nonummy Road
485234,849,Backordered,2007,18-Aug-23,Egestas Duis Limited,"P.O. Box 754, 9316 Massa Av."
362722,576,Pending,2006,7-Sep-24,Cras Dolor Incorporated,"P.O. Box 860, 1617 Varius Ave"
397884,162,Pending,2005,16-Jun-23,Ut Erat Sed Limited,3741 Tempus Road
221915,505,Lost,2009,14-Mar-25,Consectetuer Euismod Est LLC,"6184 Nec, Ave"
405242,634,Discontinued,2012,3-Mar-25,Mus Donec Consulting,288-4021 Morbi Av.
361271,422,pickup,2011,13-Aug-24,Sed Congue Elit Inc.,Ap #189-5339 Nam Av.
438157,374,restock,2001,24-Jun-27,Elit Elit Fermentum Corporation,965-1704 In Street
688100,339,Discontinued,2010,11-Jul-26,Sagittis Lobortis Mauris PC,"P.O. Box 828, 6498 Tortor. Avenue"
575629,413,Ready,2005,10-Sep-27,Et LLC,276-3429 Donec St.
537605,111,Stolen,2011,21-Oct-24,Sagittis Augue Foundation,811-1601 Varius. Rd.
752591,802,restock,2004,13-Jul-26,Vestibulum Ut PC,617-3718 Integer Ave
849481,713,Backordered,2004,8-May-25,Tincidunt Neque Inc.,120-6478 Blandit Av.
562336,807,for,2017,29-Sep-26,Euismod Inc.,525-6847 At Road
681299,674,Defective,2005,10-Jan-27,Cras Dolor PC,"P.O. Box 762, 2167 Est Ave"
158238,102,Out,2000,18-Oct-24,Placerat Eget LLP,6816 Nulla Avenue