Commodo Hendrerit Institute,Lexington,8442276351,"P.O. Box 683, 3452 Eget St."
Sodales Elit Limited,Pike Creek,8483314205,"P.O. Box 132, 9400 Vulputate Ave"
Rutrum Foundation,Minneapolis,1452372161,Ap #934-2260 Donec St.
Ac Mattis Velit LLP,West Valley City,4812024660,Ap #400-5289 Lobortis St.
Ullamcorper Eu Industries,Akron,1070738166,114-2322 Curae St.
Suspendisse Tristique Neque Limited,Savannah,2053278651,Ap #955-8266 Primis Ave
Tellus Institute,Henderson,5555833588,Ap #271-543 Gravida Street
Etiam LLC,Chesapeake,8437836953,681-7475 Adipiscing. Avenue
Ligula Elit Pretium Limited,St. Petersburg,3253792586,708-330 Orci Ave
Lorem Luctus Ut Foundation,Gulfport,2581455412,123-6280 Feugiat St.
Pretium Et Rutrum Ltd,Birmingham,2695238356,4796 Nonummy St.
Elit Corporation,Lewiston,8185875722,"P.O. Box 149, 6900 Aliquet Rd."
Curabitur Egestas Inc.,Oklahoma City,3791742279,268-9420 Blandit St.
Nisl Quisque Fringilla Incorporated,Essex,1275264253,"4605 Ornare, St."
Proin Vel Associates,Montgomery,2556545787,Ap #358-2385 Lobortis Street
Ligula Aenean Ltd,Portland,7501834678,Ap #997-3845 Vehicula Ave
Eget Magna Corporation,San Diego,7807727318,Ap #937-2168 Praesent St.
Orci Ltd,Denver,163526505,693-7285 Ornare Rd.
Vel Convallis LLP,Little Rock,6846981969,8384 Aenean Av.
Iaculis Aliquet Corp.,Owensboro,3322375886,883-8767 Nam Rd.
