7087,1786850826,Keane,Morris,961 Princess St. Chesterfield VA 23832,jenlynndaigle@ybananaulx.com
9888,2301827076,Amaan,Mccullough,178 West Howard St. Beachwood OH 44122,asakeeva86@mlusae.xyz
7600,4739984188,Anish,Lee,220 Carriage Ave. Ooltewah TN 37363,ficken123@lylilupuzy.pl
7968,9508101147,Delilah,Irwin,340 Peg Shop Dr. Hickory NC 28601,bigguy2@inspireaiguide.com
5771,3396807625,Levi,Mejia,737 Jockey Hollow Dr. Charlotte NC 28205,rakso85@goreng.xyz
2727,2457551203,Kyran,Molina,9039 S. Bay Meadows St. Montgomery Village MD 20886,n3spurhx@networks-site-real.xyz
2810,9871485946,Jayden,Lang,371 W. Hill Field Dr. Detroit MI 48205,garciperez21@jwpemail.top
4983,5939638044,Jon,Boyd,"7649 Arch Ave. Oakland Gardens, NY 11364",luzwild@hotmail.red
2505,6696478480,Shaun,Miles,"966 Cedar Swamp Dr. Snellville, GA 30039",guzemchik@vxdsth.xyz
9784,8060205749,Ayesha,Schneider,"4 Race Ave. Copperas Cove, TX 76522",winterborn@joeyjasil.cloud
7594,5292580562,Niamh,Copeland,"258 N. St Margarets Street El Paso, TX 79930",m4lik4@rackabzar.com
6794,1195983728,Fannie,Juarez,"7323 East Cedar Street Paterson, NJ 07501",grabielgamboa@hamiliton.xyz
1829,9231264580,Emilio,Vega,"8658 S. Foxrun Dr. Long Beach, NY 11561",darvictor@sambalrica.xyz
6630,4820684689,Monty,Spence,"627 Branch Drive Coventry, RI 02816",spock99@emailgap.com
6020,6231159318,Adele,Dotson,"299 Deerfield St. Lake Jackson, TX 77566",teemo868@gpbemail.top
8206,8359095428,Natalie,Hoffman,"16 Jennings Street Frankfort, KY 40601",gollini@troothshop.com
2164,3961089784,Ajay,Douglas,"8348 10th St. Danvers, MA 01923",joker8a@lvovnikita.site
2821,6787828145,Orlando,Kramer,"143 Front Circle Clearwater, FL 33756",teddyfilder@cottononloverz.com
7810,3985511855,Abdirahman,Cameron,"9650 Vale Ave. Romeoville, IL 60446",alexmeda@enloza.com
6975,3617427791,Lloyd,Cervantes,"3 Colonial Street Bozeman, MT 59715",dogbreth@awemail.top
4200,6969669696,haley,bonidie,"4 street",slay@girl.com
1245,1234567899,Skylar,stephens,"road",email@gmail.com
6900,4204204200,kate,goertz,"town",slay1@girl.com
2020,1000000000,Please,work,"help me",pleasepleaseplase
5376,7924648172,Leroy,Anthony,386-3766 Aliquam Street,enim.mi@google.com
3996,6837225310,Cairo,Monroe,Ap #412-3620 Mollis Rd.,iaculis@outlook.org
7078,2931984255,Sean,Estes,Ap #886-367 Sollicitudin Avenue,et@google.net
8875,7943769437,Eve,Ramos,"P.O. Box 296, 3362 Fusce St.",vitae.posuere.at@outlook.ca
4760,1719771806,Lewis,Livingston,397-5816 Praesent Ave,non.bibendum@aol.net
5125,1194330137,Chancellor,Sweeney,Ap #554-9179 Pede Av.,ac@outlook.ca
4137,2354917181,Grace,Gibbs,417-7049 Cras Street,nunc@yahoo.com
9998,1096321762,Mona,Beach,749-7566 Luctus Rd.,mauris.id@hotmail.com
6641,1273807157,Ariel,Medina,"P.O. Box 172, 7540 Enim, Road",sit@protonmail.edu
9772,4630035851,Echo,Yates,764 Semper Av.,massa.mauris.vestibulum@icloud.ca
9277,6888180526,Clayton,Vincent,Ap #942-935 Pede Ave,dis@icloud.net
7509,3694852853,Armand,Case,"P.O. Box 492, 4923 Lorem Avenue",cursus.a@yahoo.org
9002,6474198288,Slade,Macdonald,Ap #297-3292 Lacus. Avenue,nulla@yahoo.edu
1634,5379329665,Perry,Rosales,5175 Sagittis. Av.,malesuada.fames@aol.org
7388,2779771673,Deanna,Hester,Ap #173-5269 Dolor Road,augue.id.ante@hotmail.net
6463,2910515627,Edward,Reed,Ap #708-9938 Scelerisque St.,lobortis.quis@hotmail.org
3731,1963521359,Benedict,Shaw,"P.O. Box 699, 2644 Cursus. Av.",sed.eu@yahoo.edu
6592,1554833882,Ebony,Hutchinson,913-3842 Sapien. Street,integer.tincidunt@hotmail.org
2178,4516170317,Xanthus,Velez,Ap #247-2884 Mattis Rd.,tristique.neque.venenatis@outlook.net
2792,9223514032,Plato,Ford,Ap #818-6337 Sagittis Rd.,ut.nulla@outlook.org