Ap #672-2383 Praesent Street,North Las Vegas,6314236558,Brooke Powell,766,49
Ap #647-1432 At Ave,Allentown,9841163661,Cain Summers,170,76
382-9072 Euismod Rd.,Biloxi,2459644679,Keegan Ortiz,726,58
Ap #355-7867 Luctus Av.,San Antonio,3162425886,Lunea Hart,102,86
Ap #400-6347 Ultricies Street,Kearney,9284082426,Gisela Larson,368,74
773-1631 Gravida Road,Sandy,5661729473,Carla Hancock,193,59
P.O. Box 810 6352 Semper Avenue",Toledo,6188646813,Ariana Schwartz,995,16
784-201 Nullam Avenue,Montgomery,2573383147,Keith Montgomery,142,71
Ap #567-6935 Orci Av.,Lakewood,9439616568,Jolie Lester,304,85
1017 Felis. Street,Overland Park,1351504786,Isabella Beard,813,32
8015 Donec Street,Wichita,5148773874,Maxwell Holcomb,204,45
126-5311 Vitae Ave,Minneapolis,5091662268,Kimberly Cooper,332,100
467-406 Eget Rd.,Springfield,2852381681,Lavinia Boone,132,65
654-258 Nunc Av.,Fort Worth,5775505885,Gil Stein,225,49
6614 Sodales. St.,West Jordan,6292373945,Shafira Horton,138,25
395-4478 Egestas Rd.,Nampa,3187351732,Brent Mcknight,559,16
842-1503 Molestie Avenue,Gillette,4673342156,Hall Manning,322,38
Ap #354-9665 Neque. Road,Green Bay,9281285136,Francis York,151,42
Ap #529-5778 A Road,Annapolis,4658242487,Melyssa Bennett,334,59
8511 Mollis Road,Portland,2073183680,Fitzgerald Willis,495,91